[
  {
    "title": "🚀 The app has been there v1.0!!",
    "subtitle": "App Spaceman Invictus telah rilis,seperti nya script akan berganti ke app,jika erorr silahkan hubungi developer.",
    "video": "https://files.catbox.moe/346ost.mp4",
    "url": "https://t.me/vinzznyabobo"
  },
  {
    "title": "👷 the customer service",
    "subtitle": "Click untuk contact customer service",
    "img": "https://files.catbox.moe/j2j650.jpg",
    "url": "https://t.me/vinzznyabobo/s/2"
  },
  {
    "title": "🌐 Join Channel untuk info update selanjutnya!!",
    "subtitle": "ikuti update selanjutnya!!!",
    "video": "https://files.catbox.moe/uilj84.mp4",
    "url": "https://t.me/spcinformation"
  }
]